,id,star_name,radius,mass,distance
0,0,OGLE-TR-109,0.09248669999999999,0.013364232,8450.0
